modèle,accuracy,précision,rappel,f1,faux_positifs,faux_négatifs,f1_validation_croisée,temps_entraînement_s
Naive Bayes + TF-IDF,0.9870675176352032,0.9884974838245866,0.9838998211091234,0.9861932938856016,32,45,0.9850073608220896,4.4
SVM linéaire + TF-IDF,0.990258649647296,0.983739837398374,0.995706618962433,0.9896870554765292,46,12,0.9898905618351196,3.94
Random Forest + TF-IDF,0.985052065838092,0.977080394922426,0.9914132379248658,0.9841946368318238,65,24,0.9842143150598244,11.9
Word2Vec + Régression logistique,0.9806852536110178,0.9721634954193094,0.9871198568872988,0.9795845908041896,79,36,0.9779070161203242,37.78
SVM linéaire optimisé,0.9916022841787034,0.9875666074600356,0.9946332737030412,0.9910873440285204,35,15,0.9910392020160808,13.93
Naive Bayes optimisé,0.989922741014444,0.9885673454805288,0.9899821109123434,0.9892742223811226,32,28,0.9887191152914724,0.69
Random Forest optimisé,0.9847161572052402,0.980796586059744,0.986762075134168,0.9837702871410736,54,37,0.9849036405502356,11.37
SVM optimisé (seuil ajusté),0.9884111521666108,0.992057761732852,0.9831842576028622,0.987601078167116,22,47,,
"DistilBERT (10000 emails, 2 époques)",0.985220020154518,0.9828754905458438,0.9856887298747764,0.9842801000357272,48,40,,209.8
